poi_id,region_id,parent_city,name,primary_osm_key,primary_osm_value,raw_tags,habitat_primary,habitat_secondary,habitat_rule_id,habitat_candidate_rule_ids,habitat_confidence,habitat_reason,habitat_review_required,habitat_conflict
DUR-01_osm_node_13388816367,DUR-01,Durham,Durham Salt Cave,shop,massage,"{'addr:city': 'Durham', 'addr:housenumber': '410', 'addr:postcode': '27701', 'addr:state': 'NC', 'addr:street': 'West Geer Street', 'name': 'Durham Salt Cave', 'phone': '+1 919-724-9967', 'shop': 'massage', 'website': 'https://durhamsaltcave.com/'}",Retail,,RET_004,"[""RET_004""]",medium,Generic shop fallback; vague shop values remain reviewable.,True,False
DUR-01_osm_node_4379291809,DUR-01,Durham,American Tobacco Historic District,historic,district,"{'addr:city': 'Durham', 'addr:housenumber': '318', 'addr:state': 'NC', 'addr:street': 'Blackwell Street', 'alt_name': 'American Tobacco Campus', 'historic': 'district', 'name': 'American Tobacco Historic District', 'place': 'neighbourhood', 'website': 'https://www.americantobaccohistoricdistrict.com/', 'wikidata': 'Q16827951'}",,,,"[""REV_001""]",low,Ambiguous source category requires manual review for v1.,True,False
DUR-01_osm_node_748207948,DUR-01,Durham,Ambacco Fountain,amenity,fountain,"{'amenity': 'fountain', 'name': 'Ambacco Fountain'}",,,,"[""REV_001""]",low,Ambiguous source category requires manual review for v1.,True,False
DUR-01_osm_node_748212194,DUR-01,Durham,Cardinal,historic,monument,"{'historic': 'monument', 'name': 'Cardinal'}",,,,"[""REV_001""]",low,Ambiguous source category requires manual review for v1.,True,False
DUR-01_osm_relation_3423713,DUR-01,Durham,Trinity United Methodist Church,amenity,place_of_worship,"{'addr:city': 'Durham', 'addr:country': 'US', 'addr:housenumber': '215', 'addr:postcode': '27701', 'addr:state': 'NC', 'addr:street': 'North Church Street', 'amenity': 'place_of_worship', 'building': 'yes', 'denomination': 'methodist', 'ele': '125', 'gnis:feature_id': '2455046', 'name': 'Trinity United Methodist Church', 'phone': '+1 919 683 1386', 'religion': 'christian', 'service_times': 'Su 08:30-09:30; Su 11:00-12:00', 'type': 'multipolygon', 'url': 'http://www.trinitydurham.org/'}",,,,"[""REV_001""]",low,Ambiguous source category requires manual review for v1.,True,False
DUR-01_osm_way_119077455,DUR-01,Durham,Saint Philips Episcopal Church,amenity,place_of_worship,"{'addr:city': 'Durham', 'addr:housenumber': '108', 'addr:postcode': '27701', 'addr:state': 'NC', 'addr:street': 'North Queen Street', 'amenity': 'place_of_worship', 'building': 'yes', 'ele': '125', 'gnis:feature_id': '2454998', 'name': 'Saint Philips Episcopal Church', 'religion': 'christian', 'source:addr': 'Durham Open Data'}",,,,"[""REV_001""]",low,Ambiguous source category requires manual review for v1.,True,False
DUR-01_osm_way_1286934827,DUR-01,Durham,Cocoa Cinnamon Outdoor Seating,leisure,outdoor_seating,"{'leisure': 'outdoor_seating', 'name': 'Cocoa Cinnamon Outdoor Seating'}",,,,"[""REV_001""]",low,Ambiguous source category requires manual review for v1.,True,False
DUR-01_osm_way_30284503,DUR-01,Durham,Brightleaf Square,shop,yes,"{'addr:city': 'Durham', 'addr:country': 'US', 'addr:housenumber': '905', 'addr:street': 'West Main Street', 'building': 'yes', 'name': 'Brightleaf Square', 'shop': 'yes'}",Retail,,RET_004,"[""RET_004""]",medium,Generic shop fallback; vague shop values remain reviewable.,True,False
DUR-01_osm_way_30807012,DUR-01,Durham,Hicks Warehouse,historic,warehouse,"{'addr:city': 'Durham', 'addr:housenumber': '212', 'addr:postcode': '27701', 'addr:state': 'NC', 'addr:street': 'North Duke Street', 'building': 'warehouse', 'building:flats': '66', 'building:levels': '2', 'building:material': 'brick', 'building:use': 'apartments', 'construction_date': '1900', 'historic': 'warehouse', 'name': 'Hicks Warehouse', 'operator': 'West Village', 'roof:levels': '1', 'smoking': 'no'}",,,,"[""REV_001""]",low,Ambiguous source category requires manual review for v1.,True,False
DUR-01_osm_way_30807051,DUR-01,Durham,Toms Warehouse,historic,warehouse,"{'addr:city': 'Durham', 'addr:housenumber': '210', 'addr:postcode': '27701', 'addr:state': 'NC', 'addr:street': 'North Duke Street', 'building': 'warehouse', 'building:flats': '68', 'building:levels': '2', 'building:material': 'brick', 'building:use': 'apartments', 'construction_date': '1903', 'historic': 'warehouse', 'name': 'Toms Warehouse', 'operator': 'West Village', 'roof:levels': '1', 'smoking': 'no', 'source:addr': 'Durham Open Data'}",,,,"[""REV_001""]",low,Ambiguous source category requires manual review for v1.,True,False
DUR-01_osm_way_30840998,DUR-01,Durham,Duke Memorial United Methodist Church,amenity,place_of_worship,"{'addr:city': 'Durham', 'addr:housenumber': '307', 'addr:postcode': '27701', 'addr:state': 'NC', 'addr:street': 'South Gregson Street', 'amenity': 'place_of_worship', 'building': 'yes', 'denomination': 'methodist', 'ele': '125', 'gnis:feature_id': '2454342', 'name': 'Duke Memorial United Methodist Church', 'religion': 'christian', 'source:addr': 'Durham Open Data', 'wikidata': 'Q5312831'}",,,,"[""REV_001""]",low,Ambiguous source category requires manual review for v1.,True,False
DUR-01_osm_way_30886159,DUR-01,Durham,Flowers Building,historic,warehouse,"{'addr:city': 'Durham', 'addr:housenumber': '610', 'addr:postcode': '27701', 'addr:state': 'NC', 'addr:street': 'West Morgan Street', 'building': 'warehouse', 'building:flats': '82', 'building:levels': '4', 'building:material': 'brick', 'building:use': 'apartments', 'construction_date': '1916', 'historic': 'warehouse', 'name': 'Flowers Building', 'operator': 'West Village', 'smoking': 'no', 'source:addr': 'Durham Open Data'}",,,,"[""REV_001""]",low,Ambiguous source category requires manual review for v1.,True,False
DUR-01_osm_way_30886191,DUR-01,Durham,Imperial Tobacco,historic,building,"{'addr:city': 'Durham', 'addr:housenumber': '605', 'addr:postcode': '27701', 'addr:state': 'NC', 'addr:street': 'Fernway Avenue', 'building': 'yes', 'historic': 'building', 'name': 'Imperial Tobacco', 'source:addr': 'Durham Open Data'}",,,,"[""REV_001""]",low,Ambiguous source category requires manual review for v1.,True,False
DUR-01_osm_way_34415865,DUR-01,Durham,First Presbyterian Church,amenity,place_of_worship,"{'addr:city': 'Durham', 'addr:housenumber': '305', 'addr:postcode': '27701', 'addr:state': 'NC', 'addr:street': 'East Main Street', 'amenity': 'place_of_worship', 'building': 'yes', 'ele': '123', 'gnis:feature_id': '2454732', 'name': 'First Presbyterian Church', 'religion': 'christian', 'source:addr': 'Durham Open Data'}",,,,"[""REV_001""]",low,Ambiguous source category requires manual review for v1.,True,False
DUR-01_osm_way_34415878,DUR-01,Durham,First Baptist Church,amenity,place_of_worship,"{'amenity': 'place_of_worship', 'building': 'yes', 'denomination': 'baptist', 'name': 'First Baptist Church', 'religion': 'christian'}",,,,"[""REV_001""]",low,Ambiguous source category requires manual review for v1.,True,False
DUR-01_osm_way_607997936,DUR-01,Durham,Research Square,amenity,office,"{'addr:city': 'Durham', 'addr:housenumber': '601', 'addr:postcode': '27701', 'addr:state': 'NC', 'addr:street': 'West Main Street', 'addr:unit': '102', 'amenity': 'office', 'building': 'yes', 'name': 'Research Square', 'website': 'https://www.researchsquare.com/'}",,,,"[""REV_001""]",low,Ambiguous source category requires manual review for v1.,True,False
DUR-01_osm_way_611676563,DUR-01,Durham,St. Mark A.M.E. Zion Church,amenity,place_of_worship,"{'addr:city': 'Durham', 'addr:housenumber': '531', 'addr:postcode': '27701', 'addr:state': 'NC', 'addr:street': 'South Roxboro Street', 'amenity': 'place_of_worship', 'building': 'yes', 'denomination': 'african_methodist_episcopal_zion', 'name': 'St. Mark A.M.E. Zion Church', 'religion': 'christian', 'source:addr': 'Durham Open Data'}",,,,"[""REV_001""]",low,Ambiguous source category requires manual review for v1.,True,False
DUR-01_osm_way_761621436,DUR-01,Durham,Liberty Arts Foundry,craft,yes,"{'building': 'industrial', 'building:levels': '1', 'check_date': '2024-05-26', 'craft': 'yes', 'name': 'Liberty Arts Foundry', 'operator': 'Liberty Arts'}",,,,"[""REV_001""]",low,Ambiguous source category requires manual review for v1.,True,False
DUR-01_osm_way_78334498,DUR-01,Durham,Fire Drill Tower,historic,yes,"{'building': 'yes', 'historic': 'yes', 'man_made': 'tower', 'name': 'Fire Drill Tower', 'tower:construction': 'brick', 'tower:type': 'firefighter_training'}",,,,"[""REV_001""]",low,Ambiguous source category requires manual review for v1.,True,False
DUR-02_osm_node_357813474,DUR-02,Durham,Durham Friends Meetinghouse,amenity,place_of_worship,"{'amenity': 'place_of_worship', 'ele': '121', 'gnis:feature_id': '2454344', 'name': 'Durham Friends Meetinghouse'}",,,,"[""REV_001""]",low,Ambiguous source category requires manual review for v1.,True,False
DUR-02_osm_node_5808304716,DUR-02,Durham,Duke Department of Health,healthcare,yes,"{'fixme': 'This might not exist, because it comes from an OSM note.', 'healthcare': 'yes', 'name': 'Duke Department of Health'}",Healthcare,,HC_003,"[""HC_003""]",medium,Generic healthcare tag lacks a specific care type.,True,False
DUR-02_osm_node_6548008132,DUR-02,Durham,Duke Campus Bookstore,shop,yes,"{'name': 'Duke Campus Bookstore', 'shop': 'yes'}",Retail,,RET_004,"[""RET_004""]",medium,Generic shop fallback; vague shop values remain reviewable.,True,False
DUR-02_osm_way_626679838,DUR-02,Durham,Duke Chapel,amenity,place_of_worship,"{'addr:city': 'Durham', 'addr:housenumber': '401', 'addr:postcode': '27705', 'addr:state': 'NC', 'addr:street': 'Chapel Drive', 'amenity': 'place_of_worship', 'building': 'university', 'name': 'Duke Chapel', 'opening_hours': '10:00-20:00', 'religion': 'christian', 'source': 'survey', 'source:addr': 'Durham Open Data', 'wikidata': 'Q5312747'}",,,,"[""REV_001""]",low,Ambiguous source category requires manual review for v1.,True,False
RAL-01_osm_node_12854873144,RAL-01,Raleigh,Artisan Flooring of NC,craft,floorer,"{'addr:city': 'Raleigh', 'addr:housenumber': '215', 'addr:postcode': '27603', 'addr:state': 'NC', 'addr:street': 'North West Street', 'addr:unit': '128', 'contact:linkedin': 'https://www.linkedin.com/company/artisan-flooring-of-nc/', 'contact:phone': '+1-919-291-4044', 'contact:pinterest': 'https://www.pinterest.com/artisanflooringofnc23/', 'contact:website': 'https://www.artisanflooringofnc.com', 'craft': 'floorer', 'name': 'Artisan Flooring of NC'}",Office & Business,,CRAFT_001,"[""CRAFT_001""]",medium,"Trade craft businesses are treated as business services, with review.",True,False
RAL-01_osm_node_13280119123,RAL-01,Raleigh,The Shingle Master,craft,roofer,"{'addr:city': 'Raleigh', 'addr:housenumber': '509', 'addr:postcode': '27603', 'addr:state': 'NC', 'addr:street': 'West North Street', 'contact:facebook': 'https://www.facebook.com/theshinglemaster', 'craft': 'roofer', 'name': 'The Shingle Master', 'opening_hours': 'Mo-Su 07:00-21:00', 'phone': '+1 919-372-0685', 'start_date': '2010', 'website': 'https://www.theshinglemaster.com/'}",Office & Business,,CRAFT_001,"[""CRAFT_001""]",medium,"Trade craft businesses are treated as business services, with review.",True,False
RAL-01_osm_node_13507725473,RAL-01,Raleigh,Wake Relief,amenity,social_facility,"{'addr:city': 'Raleigh', 'addr:housenumber': '4', 'addr:postcode': '27601', 'addr:state': 'NC', 'addr:street': 'North Blount Street', 'amenity': 'social_facility', 'name': 'Wake Relief', 'opening_hours': 'Mo-Tu 13:00-15:00; We 10:00-12:00', 'phone': '+19193078748', 'social_facility': 'food_bank', 'website': 'https://wakerelief.org/'}",,,,"[""REV_001""]",low,Ambiguous source category requires manual review for v1.,True,False
RAL-01_osm_node_13531358494,RAL-01,Raleigh,Blue Chip Window & Door,craft,window_construction,"{'addr:city': 'Raleigh', 'addr:housenumber': '509', 'addr:postcode': '27603', 'addr:state': 'NC', 'addr:street': 'West North Street', 'contact:facebook': 'PromiseHomeProjects', 'contact:instagram': 'bluechipbuilds', 'contact:pinterest': 'bluechipbuilds', 'craft': 'window_construction', 'email': 'info@bluechipbuilds.com', 'name': 'Blue Chip Window & Door', 'opening_hours': '08:00-17:00', 'operator': 'Joseph Hooker', 'phone': '+1-919-296-5966', 'website': 'https://www.bluechipbuilds.com'}",Office & Business,,CRAFT_001,"[""CRAFT_001""]",medium,"Trade craft businesses are treated as business services, with review.",True,False
RAL-01_osm_node_14108194127,RAL-01,Raleigh,Wright Brothers Electric Co.,craft,electrician,"{'addr:city': 'Raleigh', 'addr:housenumber': '711', 'addr:postcode': '27604', 'addr:state': 'NC', 'addr:street': 'North Person Street', 'craft': 'electrician', 'name': 'Wright Brothers Electric Co.'}",Office & Business,,CRAFT_001,"[""CRAFT_001""]",medium,"Trade craft businesses are treated as business services, with review.",True,False
RAL-01_osm_node_1829200046,RAL-01,Raleigh,North Carolina Fallen Firefighters,historic,memorial,"{'addr:housenumber': '200', 'addr:street': 'South Dawson Street', 'artist_name': 'Carl W. Regutti', 'historic': 'memorial', 'memorial': 'statue', 'name': 'North Carolina Fallen Firefighters', 'start_date': '2006-05-06'}",,,,"[""REV_001""]",low,Ambiguous source category requires manual review for v1.,True,False
RAL-01_osm_node_1979955041,RAL-01,Raleigh,Church in the Woods,amenity,place_of_worship,"{'amenity': 'place_of_worship', 'denomination': 'outreach ministry', 'name': 'Church in the Woods', 'religion': 'christian', 'source': 'http://churchinthewoods.net/'}",,,,"[""REV_001""]",low,Ambiguous source category requires manual review for v1.,True,False
RAL-01_osm_node_3307013375,RAL-01,Raleigh,"Mort's Inc. Raleigh, NC - Trophies, Plaques and Awards",shop,yes,"{'name': ""Mort's Inc. Raleigh, NC - Trophies, Plaques and Awards"", 'opening_hours': 'Mo-Fr 09:00-17:30', 'phone': '+1 919-828-2887', 'shop': 'yes', 'website': 'http://www.mortstrophies.com'}",Retail,,RET_004,"[""RET_004""]",medium,Generic shop fallback; vague shop values remain reviewable.,True,False
RAL-01_osm_node_357813467,RAL-01,Raleigh,Dinwiddle Chapel,amenity,place_of_worship,"{'amenity': 'place_of_worship', 'ele': '102', 'name': 'Dinwiddle Chapel', 'religion': 'christian'}",,,,"[""REV_001""]",low,Ambiguous source category requires manual review for v1.,True,False
RAL-01_osm_node_357813657,RAL-01,Raleigh,Glenwood South Fellowship Church,amenity,place_of_worship,"{'amenity': 'place_of_worship', 'ele': '96', 'name': 'Glenwood South Fellowship Church', 'religion': 'christian'}",,,,"[""REV_001""]",low,Ambiguous source category requires manual review for v1.,True,False
RAL-01_osm_node_357813868,RAL-01,Raleigh,New Birth Apostolic Church,amenity,place_of_worship,"{'amenity': 'place_of_worship', 'ele': '84', 'gnis:feature_id': '2454885', 'name': 'New Birth Apostolic Church', 'religion': 'christian'}",,,,"[""REV_001""]",low,Ambiguous source category requires manual review for v1.,True,False
RAL-01_osm_node_357814024,RAL-01,Raleigh,Raleigh Rescue Mission,amenity,place_of_worship,"{'amenity': 'place_of_worship', 'ele': '98', 'gnis:feature_id': '2454956', 'name': 'Raleigh Rescue Mission'}",,,,"[""REV_001""]",low,Ambiguous source category requires manual review for v1.,True,False
RAL-01_osm_node_357814209,RAL-01,Raleigh,Victory Tabernacle Church,amenity,place_of_worship,"{'amenity': 'place_of_worship', 'ele': '86', 'gnis:feature_id': '2455063', 'name': 'Victory Tabernacle Church', 'religion': 'christian'}",,,,"[""REV_001""]",low,Ambiguous source category requires manual review for v1.,True,False
RAL-01_osm_node_3641280058,RAL-01,Raleigh,Raleigh Police Memorial,historic,memorial,"{'historic': 'memorial', 'name': 'Raleigh Police Memorial'}",,,,"[""REV_001""]",low,Ambiguous source category requires manual review for v1.,True,False
RAL-01_osm_node_4846523621,RAL-01,Raleigh,Glenwood South Tailors & Alterations,craft,tailor,"{'addr:country': 'US', 'addr:housenumber': '743', 'addr:postcode': '27603', 'addr:state': 'NC', 'addr:street': 'West Johnson Street', 'craft': 'tailor', 'name': 'Glenwood South Tailors & Alterations', 'opening_hours': 'Tu-Fr 12:30-18:30; Sa 10:30-18:00; Su 12:30-16:00', 'phone': '+1-919-951-4755', 'website': 'https://www.glenwoodsouthtailor.com/'}",Office & Business,,CRAFT_001,"[""CRAFT_001""]",medium,"Trade craft businesses are treated as business services, with review.",True,False
RAL-01_osm_node_7638258821,RAL-01,Raleigh,North Carolina Veterans,historic,monument,"{'historic': 'monument', 'name': 'North Carolina Veterans', 'wheelchair': 'yes'}",,,,"[""REV_001""]",low,Ambiguous source category requires manual review for v1.,True,False
RAL-01_osm_node_8409137742,RAL-01,Raleigh,Wine & Design,craft,yes,"{'check_date': '2023-07-23', 'craft': 'yes', 'name': 'Wine & Design'}",,,,"[""REV_001""]",low,Ambiguous source category requires manual review for v1.,True,False
RAL-01_osm_relation_14713078,RAL-01,Raleigh,Edenton Street United Methodist Church,amenity,place_of_worship,"{'addr:city': 'Raleigh', 'addr:housenumber': '225', 'addr:postcode': '27603', 'addr:state': 'NC', 'addr:street': 'West Edenton Street', 'amenity': 'place_of_worship', 'building': 'yes', 'building:use': 'commercial', 'denomination': 'methodist', 'name': 'Edenton Street United Methodist Church', 'religion': 'christian', 'source': 'WakeGIS', 'type': 'multipolygon', 'wikidata': 'Q5337018', 'wikipedia': 'en:Edenton Street United Methodist Church'}",,,,"[""REV_001""]",low,Ambiguous source category requires manual review for v1.,True,False
RAL-01_osm_relation_14728532,RAL-01,Raleigh,First Baptist Church of Raleigh,amenity,place_of_worship,"{'addr:city': 'Raleigh', 'addr:country': 'US', 'addr:housenumber': '109', 'addr:state': 'NC', 'addr:street': 'South Wilmington Street', 'amenity': 'place_of_worship', 'building': 'yes', 'building:use': 'commercial', 'denomination': 'baptist', 'name': 'First Baptist Church of Raleigh', 'religion': 'christian', 'source': 'WakeGIS', 'source:geometry': 'Bing', 'type': 'multipolygon', 'wikidata': 'Q5452427', 'wikipedia': 'en:First Baptist Church (Raleigh, North Carolina)'}",,,,"[""REV_001""]",low,Ambiguous source category requires manual review for v1.,True,False
RAL-01_osm_relation_16629304,RAL-01,Raleigh,The Church of the Good Shepherd,amenity,place_of_worship,"{'amenity': 'place_of_worship', 'building': 'yes;roof', 'building:use': 'commercial', 'denomination': 'episcopal', 'layer': '1', 'name': 'The Church of the Good Shepherd', 'religion': 'christian', 'source': 'WakeGIS', 'type': 'multipolygon'}",,,,"[""REV_001""]",low,Ambiguous source category requires manual review for v1.,True,False
RAL-01_osm_relation_16629305,RAL-01,Raleigh,,amenity,place_of_worship,"{'addr:city': 'Raleigh', 'addr:housenumber': '99', 'addr:postcode': '27601', 'addr:state': 'NC', 'addr:street': 'North Salisbury Street', 'amenity': 'place_of_worship', 'building': 'yes;church', 'building:use': 'commercial', 'denomination': 'baptist', 'religion': 'christian', 'source': 'WakeGIS', 'type': 'multipolygon', 'wikidata': 'Q5452427', 'wikipedia': 'en:First Baptist Church (Raleigh, North Carolina)'}",,,,"[""REV_001""]",low,Ambiguous source category requires manual review for v1.,True,False
RAL-01_osm_relation_16629306,RAL-01,Raleigh,First Presbyterian Church,amenity,place_of_worship,"{'amenity': 'place_of_worship', 'building': 'church;yes', 'building:use': 'commercial', 'denomination': 'presbyterian', 'name': 'First Presbyterian Church', 'religion': 'christian', 'source': 'WakeGIS', 'type': 'multipolygon', 'wikidata': 'Q23302288'}",,,,"[""REV_001""]",low,Ambiguous source category requires manual review for v1.,True,False
RAL-01_osm_way_1227239271,RAL-01,Raleigh,Flex Nightclub/Bar,leisure,outdoor_seating,"{'leisure': 'outdoor_seating', 'operator': 'Flex Nightclub/Bar'}",,,,"[""REV_001""]",low,Ambiguous source category requires manual review for v1.,True,False
RAL-01_osm_way_196113959,RAL-01,Raleigh,Sacred Heart Cathedral,amenity,place_of_worship,"{'amenity': 'place_of_worship', 'denomination': 'roman_catholic', 'name': 'Sacred Heart Cathedral', 'religion': 'christian', 'wikidata': 'Q7397114'}",,,,"[""REV_001""]",low,Ambiguous source category requires manual review for v1.,True,False
RAL-01_osm_way_204963049,RAL-01,Raleigh,Masonic Temple Building,historic,building,"{'addr:city': 'Raleigh', 'addr:housenumber': '133', 'addr:postcode': '27601', 'addr:state': 'NC', 'addr:street': 'Fayetteville Street', 'building': 'commercial', 'building:levels': '7', 'description': ""The Masonic Temple Building was the state's first reinforced concrete skyscraper built in 1907."", 'historic': 'building', 'image': 'https://commons.wikimedia.org/wiki/File:Masonic_Temple_Building_Modern.JPG', 'name': 'Masonic Temple Building', 'start_date': '1907', 'wikipedia': 'en:Masonic Temple Building (Fayetteville Street, Raleigh, North Carolina)'}",,,,"[""REV_001""]",low,Ambiguous source category requires manual review for v1.,True,False
RAL-01_osm_way_310168480,RAL-01,Raleigh,Quorum Center,tourism,apartment,"{'addr:city': 'Raleigh', 'addr:housenumber': '323', 'addr:postcode': '27603', 'addr:state': 'NC', 'addr:street': 'West Jones Street', 'building': 'yes', 'layer': '1', 'name': 'Quorum Center', 'tourism': 'apartment'}",Food & Hospitality,,FOOD_003,"[""FOOD_003""]",low,"Tourism apartment may be lodging, but needs review.",True,False
RAL-01_osm_way_323712278,RAL-01,Raleigh,Raleigh Banking and Trust Company Building,historic,building,"{'addr:city': 'Raleigh', 'addr:country': 'US', 'addr:housenumber': '5', 'addr:state': 'NC', 'addr:street': 'West Hargett Street', 'building': 'yes', 'building:levels': '11', 'heritage': 'yes', 'historic': 'building', 'image': 'https://commons.wikimedia.org/wiki/File:Raleigh_Banking_and_Trust_Company_Building.jpg', 'name': 'Raleigh Banking and Trust Company Building', 'source:geometry': 'Bing', 'wikidata': 'Q20639525', 'wikipedia': 'en:Raleigh Banking and Trust Company Building'}",,,,"[""REV_001""]",low,Ambiguous source category requires manual review for v1.,True,False
RAL-01_osm_way_323758993,RAL-01,Raleigh,Sir Walter Raleigh Hotel,historic,building,"{'building': 'yes', 'building:use': 'commercial', 'description': 'The Sir Walter Raleigh Hotel is the oldest surviving hotel building Constructed between 1923 and 1924 on Fayetteville Street and named after Sir Walter Raleigh,', 'heritage': 'yes', 'historic': 'building', 'image': 'https://commons.wikimedia.org/wiki/File:Sir-Walter-Raleigh-Hotel-20080321.jpeg', 'name': 'Sir Walter Raleigh Hotel', 'source': 'WakeGIS', 'source:geometry': 'Bing', 'start_date': '1923', 'wikipedia': 'en:Sir Walter Hotel'}",,,,"[""REV_001""]",low,Ambiguous source category requires manual review for v1.,True,False
RAL-01_osm_way_47663095,RAL-01,Raleigh,Vintage Church,amenity,place_of_worship,"{'addr:city': 'Raleigh', 'addr:housenumber': '118', 'addr:state': 'NC', 'addr:street': 'South Person Street', 'amenity': 'place_of_worship', 'building': 'church', 'check_date': '2023-08-07', 'name': 'Vintage Church', 'religion': 'christian', 'source': 'WakeGIS', 'website': 'https://vintagenc.com/'}",,,,"[""REV_001""]",low,Ambiguous source category requires manual review for v1.,True,False
RAL-01_osm_way_47776441,RAL-01,Raleigh,Christ Episcopal Church,amenity,place_of_worship,"{'addr:city': 'Raleigh', 'addr:housenumber': '120', 'addr:postcode': '27601', 'addr:state': 'NC', 'addr:street': 'East Edenton Street', 'amenity': 'place_of_worship', 'building': 'yes', 'building:use': 'commercial', 'denomination': 'episcopal', 'name': 'Christ Episcopal Church', 'ref:dove': '10203', 'religion': 'christian', 'source': 'WakeGIS', 'wikidata': 'Q5108878', 'wikipedia': 'en:Christ Episcopal Church (Raleigh, North Carolina)'}",,,,"[""REV_001""]",low,Ambiguous source category requires manual review for v1.,True,False
RAL-01_osm_way_674997561,RAL-01,Raleigh,Saint Paul African Methodist Episcopal Church,amenity,place_of_worship,"{'amenity': 'place_of_worship', 'building': 'yes', 'denomination': 'african_methodist_episcopal', 'name': 'Saint Paul African Methodist Episcopal Church', 'religion': 'christian'}",,,,"[""REV_001""]",low,Ambiguous source category requires manual review for v1.,True,False
RAL-01_osm_way_676665448,RAL-01,Raleigh,Morgan Street Food Hall,leisure,outdoor_seating,"{'leisure': 'outdoor_seating', 'operator': 'Morgan Street Food Hall'}",,,,"[""REV_001""]",low,Ambiguous source category requires manual review for v1.,True,False
RAL-01_osm_way_679974311,RAL-01,Raleigh,Holy Trinity Anglican Church,amenity,place_of_worship,"{'addr:city': 'Raleigh', 'addr:housenumber': '100', 'addr:postcode': '27604', 'addr:state': 'NC', 'addr:street': 'East Peace Street', 'amenity': 'place_of_worship', 'building': 'yes', 'name': 'Holy Trinity Anglican Church', 'religion': 'christian'}",,,,"[""REV_001""]",low,Ambiguous source category requires manual review for v1.,True,False
RAL-02_osm_node_13483083802,RAL-02,Raleigh,Greg Poole Jr all faiths chapel,amenity,place_of_worship,"{'addr:housenumber': '1030', 'addr:postcode': '27603', 'addr:street': 'Richardson Drive', 'amenity': 'place_of_worship', 'name': 'Greg Poole Jr all faiths chapel', 'religion': 'christian'}",,,,"[""REV_001""]",low,Ambiguous source category requires manual review for v1.,True,False
RAL-04_osm_node_5267029053,RAL-04,Raleigh,"Theophilus Hunter, Sr.",historic,tomb,"{'cemetery': 'grave', 'historic': 'tomb', 'name': 'Theophilus Hunter, Sr.', 'website': 'https://japan.ncsu.edu/spring-hill-house.html'}",,,,"[""REV_001""]",low,Ambiguous source category requires manual review for v1.,True,False
