region_id,primary_osm_key,primary_osm_value,count
DUR-01,public_transport,platform,63
DUR-01,amenity,restaurant,41
DUR-01,amenity,bar,24
DUR-01,leisure,pitch,14
DUR-01,tourism,hotel,8
DUR-01,craft,brewery,7
DUR-01,railway,rail,7
DUR-01,amenity,bank,6
DUR-01,amenity,place_of_worship,6
DUR-01,amenity,pub,6
DUR-01,leisure,park,6
DUR-01,shop,mall,6
DUR-01,amenity,events_venue,5
DUR-01,office,yes,5
DUR-01,shop,clothes,5
DUR-01,amenity,fast_food,4
DUR-01,amenity,fuel,4
DUR-01,leisure,fitness_centre,4
DUR-01,office,lawyer,4
DUR-01,railway,abandoned,4
DUR-01,shop,bakery,4
DUR-01,shop,tattoo,4
DUR-01,tourism,artwork,4
DUR-01,amenity,cafe,3
DUR-01,amenity,ice_cream,3
DUR-01,amenity,public_bookcase,3
DUR-01,amenity,school,3
DUR-01,historic,warehouse,3
DUR-01,office,company,3
DUR-01,tourism,attraction,3
DUR-01,amenity,arts_centre,2
DUR-01,amenity,atm,2
DUR-01,amenity,bus_station,2
DUR-01,amenity,courthouse,2
DUR-01,amenity,marketplace,2
DUR-01,amenity,theatre,2
DUR-01,amenity,veterinary,2
DUR-01,leisure,dog_park,2
DUR-01,leisure,garden,2
DUR-01,leisure,playground,2
DUR-01,leisure,sauna,2
DUR-01,leisure,sports_centre,2
DUR-01,leisure,stadium,2
DUR-01,railway,disused,2
DUR-01,shop,beauty,2
DUR-01,shop,cannabis,2
DUR-01,shop,convenience,2
DUR-01,shop,doityourself,2
DUR-01,shop,hairdresser,2
DUR-01,amenity,community_centre,1
DUR-01,amenity,fire_station,1
DUR-01,amenity,food_court,1
DUR-01,amenity,fountain,1
DUR-01,amenity,library,1
DUR-01,amenity,office,1
DUR-01,amenity,post_office,1
DUR-01,amenity,prison,1
DUR-01,amenity,townhall,1
DUR-01,craft,yes,1
DUR-01,healthcare,pharmacy,1
DUR-01,historic,building,1
DUR-01,historic,district,1
DUR-01,historic,monument,1
DUR-01,historic,yes,1
DUR-01,leisure,escape_game,1
DUR-01,leisure,hackerspace,1
DUR-01,leisure,miniature_golf,1
DUR-01,leisure,nature_reserve,1
DUR-01,leisure,outdoor_seating,1
DUR-01,leisure,swimming_pool,1
DUR-01,office,architect,1
DUR-01,office,association,1
DUR-01,office,bail_bond_agent,1
DUR-01,office,estate_agent,1
DUR-01,office,government,1
DUR-01,office,research,1
DUR-01,public_transport,station,1
DUR-01,public_transport,stop_area,1
DUR-01,shop,antiques,1
DUR-01,shop,bicycle,1
DUR-01,shop,books,1
DUR-01,shop,car_parts,1
DUR-01,shop,chemist,1
DUR-01,shop,frame,1
DUR-01,shop,furniture,1
DUR-01,shop,gift,1
DUR-01,shop,hardware,1
DUR-01,shop,jewelry,1
DUR-01,shop,massage,1
DUR-01,shop,music,1
DUR-01,shop,outdoor,1
DUR-01,shop,pet,1
DUR-01,shop,photo,1
DUR-01,shop,storage_rental,1
DUR-01,shop,supermarket,1
DUR-01,shop,variety_store,1
DUR-01,shop,yes,1
DUR-01,tourism,guest_house,1
DUR-01,tourism,information,1
DUR-01,tourism,museum,1
DUR-02,public_transport,platform,68
DUR-02,leisure,pitch,31
DUR-02,amenity,fast_food,13
DUR-02,leisure,sports_centre,8
DUR-02,leisure,park,7
DUR-02,amenity,library,5
DUR-02,amenity,theatre,5
DUR-02,amenity,cafe,4
DUR-02,healthcare,clinic,4
DUR-02,leisure,stadium,3
DUR-02,amenity,place_of_worship,2
DUR-02,leisure,recreation_ground,2
DUR-02,tourism,artwork,2
DUR-02,tourism,hotel,2
DUR-02,amenity,cinema,1
DUR-02,amenity,clinic,1
DUR-02,amenity,doctors,1
DUR-02,amenity,police,1
DUR-02,amenity,post_office,1
DUR-02,amenity,restaurant,1
DUR-02,amenity,school,1
DUR-02,amenity,university,1
DUR-02,healthcare,hospital,1
DUR-02,healthcare,yes,1
DUR-02,leisure,sports_hall,1
DUR-02,leisure,track,1
DUR-02,shop,yes,1
DUR-02,tourism,museum,1
RAL-01,public_transport,platform,106
RAL-01,amenity,restaurant,83
RAL-01,railway,rail,46
RAL-01,amenity,bar,43
RAL-01,amenity,cafe,20
RAL-01,amenity,place_of_worship,16
RAL-01,amenity,fast_food,15
RAL-01,tourism,hotel,14
RAL-01,office,lawyer,13
RAL-01,amenity,bicycle_rental,12
RAL-01,leisure,park,10
RAL-01,office,government,10
RAL-01,amenity,bank,9
RAL-01,shop,hairdresser,9
RAL-01,tourism,museum,9
RAL-01,amenity,pub,8
RAL-01,amenity,theatre,8
RAL-01,tourism,artwork,8
RAL-01,leisure,pitch,7
RAL-01,shop,clothes,7
RAL-01,amenity,nightclub,6
RAL-01,shop,art,6
RAL-01,healthcare,pharmacy,5
RAL-01,office,architect,5
RAL-01,office,company,5
RAL-01,amenity,courthouse,4
RAL-01,amenity,events_venue,4
RAL-01,amenity,school,4
RAL-01,leisure,fitness_centre,4
RAL-01,shop,bakery,4
RAL-01,shop,books,4
RAL-01,amenity,library,3
RAL-01,amenity,university,3
RAL-01,historic,building,3
RAL-01,leisure,sports_centre,3
RAL-01,railway,signal_box,3
RAL-01,shop,beauty,3
RAL-01,shop,furniture,3
RAL-01,shop,gift,3
RAL-01,amenity,arts_centre,2
RAL-01,amenity,atm,2
RAL-01,amenity,bus_station,2
RAL-01,amenity,community_centre,2
RAL-01,amenity,fuel,2
RAL-01,amenity,ice_cream,2
RAL-01,amenity,police,2
RAL-01,healthcare,dentist,2
RAL-01,historic,memorial,2
RAL-01,leisure,outdoor_seating,2
RAL-01,leisure,playground,2
RAL-01,office,advertising_agency,2
RAL-01,office,it,2
RAL-01,office,ngo,2
RAL-01,office,yes,2
RAL-01,shop,antiques,2
RAL-01,shop,beverages,2
RAL-01,shop,coffee,2
RAL-01,shop,convenience,2
RAL-01,shop,craft,2
RAL-01,shop,florist,2
RAL-01,shop,music,2
RAL-01,shop,shoes,2
RAL-01,shop,supermarket,2
RAL-01,shop,tattoo,2
RAL-01,tourism,gallery,2
RAL-01,tourism,picnic_site,2
RAL-01,amenity,car_rental,1
RAL-01,amenity,cinema,1
RAL-01,amenity,conference_centre,1
RAL-01,amenity,fire_station,1
RAL-01,amenity,post_office,1
RAL-01,amenity,social_facility,1
RAL-01,amenity,veterinary,1
RAL-01,craft,distillery,1
RAL-01,craft,electrician,1
RAL-01,craft,floorer,1
RAL-01,craft,roofer,1
RAL-01,craft,tailor,1
RAL-01,craft,window_construction,1
RAL-01,craft,yes,1
RAL-01,healthcare,doctor,1
RAL-01,healthcare,rehabilitation,1
RAL-01,historic,monument,1
RAL-01,leisure,dance,1
RAL-01,leisure,dog_park,1
RAL-01,leisure,escape_game,1
RAL-01,leisure,garden,1
RAL-01,office,accountant,1
RAL-01,office,bail_bond_agent,1
RAL-01,office,engineer,1
RAL-01,office,estate_agent,1
RAL-01,office,financial,1
RAL-01,office,insurance,1
RAL-01,office,startup_incubator,1
RAL-01,public_transport,station,1
RAL-01,public_transport,stop_area,1
RAL-01,shop,bicycle,1
RAL-01,shop,cannabis,1
RAL-01,shop,chocolate,1
RAL-01,shop,confectionery,1
RAL-01,shop,doityourself,1
RAL-01,shop,fabric,1
RAL-01,shop,hardware,1
RAL-01,shop,jewelry,1
RAL-01,shop,motorcycle_repair,1
RAL-01,shop,musical_instrument,1
RAL-01,shop,outdoor,1
RAL-01,shop,pastry,1
RAL-01,shop,pet,1
RAL-01,shop,repair,1
RAL-01,shop,second_hand,1
RAL-01,shop,tobacco,1
RAL-01,shop,trophy,1
RAL-01,shop,wine,1
RAL-01,shop,yes,1
RAL-01,tourism,apartment,1
RAL-02,tourism,artwork,10
RAL-02,leisure,park,3
RAL-02,office,government,2
RAL-02,amenity,bicycle_rental,1
RAL-02,amenity,cafe,1
RAL-02,amenity,place_of_worship,1
RAL-02,healthcare,doctor,1
RAL-02,leisure,dog_park,1
RAL-02,leisure,garden,1
RAL-02,leisure,sports_centre,1
RAL-02,office,association,1
RAL-02,railway,rail,1
RAL-02,shop,convenience,1
RAL-03A,leisure,pitch,32
RAL-03A,public_transport,platform,24
RAL-03A,leisure,park,5
RAL-03A,leisure,sports_centre,5
RAL-03A,tourism,information,5
RAL-03A,amenity,arts_centre,2
RAL-03A,amenity,theatre,2
RAL-03A,amenity,cafe,1
RAL-03A,amenity,food_court,1
RAL-03A,amenity,restaurant,1
RAL-03A,amenity,university,1
RAL-03A,healthcare,doctor,1
RAL-03A,leisure,garden,1
RAL-03A,leisure,track,1
RAL-03A,shop,books,1
RAL-03A,shop,convenience,1
RAL-03A,tourism,artwork,1
RAL-03B,railway,miniature,9
RAL-03B,leisure,pitch,8
RAL-03B,public_transport,platform,3
RAL-03B,amenity,theatre,2
RAL-03B,amenity,bicycle_rental,1
RAL-03B,amenity,community_centre,1
RAL-03B,amenity,fast_food,1
RAL-03B,leisure,sports_centre,1
RAL-03B,tourism,attraction,1
RAL-03B,tourism,picnic_site,1
RAL-03B,tourism,theme_park,1
RAL-04,public_transport,platform,15
RAL-04,leisure,park,14
RAL-04,amenity,cafe,4
RAL-04,amenity,university,3
RAL-04,tourism,information,2
RAL-04,amenity,community_centre,1
RAL-04,amenity,library,1
RAL-04,amenity,restaurant,1
RAL-04,amenity,school,1
RAL-04,amenity,training,1
RAL-04,historic,tomb,1
RAL-04,leisure,fishing,1
RAL-04,leisure,garden,1
RAL-04,leisure,golf_course,1
RAL-04,leisure,pitch,1
RAL-04,office,educational_institution,1
RAL-04,office,government,1
RAL-04,public_transport,stop_area,1
RAL-04,tourism,artwork,1
RAL-04,tourism,hotel,1
RAL-05,public_transport,platform,6
RAL-05,healthcare,doctor,2
RAL-05,healthcare,hospital,1
